lr-Adam/geometry,lr-Adam/variance,lr-Adam/albedo,lr-Adam/ambient,lr-Adam/blur,step,train/loss_rgb_mse_cam,train/loss_rgb_mse_proj,train/loss_rgb_l1_cam,train/loss_rgb_l1_proj,train/loss_eikonal,train/loss_mask,train/loss_sparsity,train/inv_s,train_params/lambda_rgb_mse,train_params/lambda_rgb_l1,train_params/lambda_mask,train_params/lambda_eikonal,train_params/lambda_sparsity,train/num_rays,epoch,val/psnr,test/psnr
8.561599999999997e-05,8.561599999999997e-05,0.0008561599999999993,0.0008561599999999993,0.0008561599999999993,49,,,,,,,,,,,,,,,,,
,,,,,49,0.06388183683156967,0.0,0.18635401129722595,0.0,0.35900259017944336,0.5379105806350708,0.8132258653640747,20.577556610107422,10.0,1.0,0.10000000149011612,0.10000000149011612,0.009999999776482582,733.0,0,,
0.00016481599999999992,0.00016481599999999992,0.0016481599999999968,0.0016481599999999968,0.0016481599999999968,99,,,,,,,,,,,,,,,,,
,,,,,99,0.0020227155182510614,0.0,0.02618272788822651,0.0,0.2320771962404251,0.30852121114730835,0.7373247146606445,21.2864990234375,10.0,1.0,0.10000000149011612,0.10000000149011612,0.009999999776482582,750.0,0,,
0.00024401599999999987,0.00024401599999999987,0.0024401599999999955,0.0024401599999999955,0.0024401599999999955,149,,,,,,,,,,,,,,,,,
,,,,,149,0.0008617402636446059,0.0,0.012208282016217709,0.0,0.21310807764530182,0.2843449115753174,0.7404348850250244,21.18378448486328,10.0,1.0,0.10000000149011612,0.10000000149011612,0.009999999776482582,768.0,0,,
0.0003232159999999997,0.0003232159999999997,0.0032321599999999917,0.0032321599999999917,0.0032321599999999917,199,,,,,,,,,,,,,,,,,
,,,,,199,0.0004932104493491352,0.0,0.007760593667626381,0.0,0.20678523182868958,0.25504258275032043,0.7493325471878052,21.039823532104492,10.0,1.0,0.10000000149011612,0.10000000149011612,0.009999999776482582,785.0,0,,
0.0004024159999999995,0.0004024159999999995,0.0040241599999999884,0.0040241599999999884,0.0040241599999999884,249,,,,,,,,,,,,,,,,,
,,,,,249,0.0006441836594603956,0.0,0.009281458333134651,0.0,0.19607239961624146,0.26025837659835815,0.7584193348884583,20.895112991333008,10.0,1.0,0.10000000149011612,0.10000000149011612,0.009999999776482582,800.0,0,,
0.00048161599999999954,0.00048161599999999954,0.004816159999999982,0.004816159999999982,0.004816159999999982,299,,,,,,,,,,,,,,,,,
,,,,,299,0.0005159786087460816,0.0,0.008562070317566395,0.0,0.19293569028377533,0.2332461178302765,0.7654291391372681,20.811986923217773,10.0,1.0,0.10000000149011612,0.10000000149011612,0.009999999776482582,808.0,0,,
0.0005608159999999991,0.0005608159999999991,0.0056081599999999844,0.0056081599999999844,0.0056081599999999844,349,,,,,,,,,,,,,,,,,
,,,,,349,0.0004670390335377306,0.0,0.007693396881222725,0.0,0.20072558522224426,0.20720091462135315,0.7717146277427673,20.837615966796875,10.0,1.0,0.10000000149011612,0.10000000149011612,0.009999999776482582,818.0,0,,
0.0006400159999999984,0.0006400159999999984,0.006400159999999983,0.006400159999999983,0.006400159999999983,399,,,,,,,,,,,,,,,,,
,,,,,399,0.00040868439828045666,0.0,0.0070419106632471085,0.0,0.2083185315132141,0.14218869805335999,0.7717090249061584,21.0482177734375,10.0,1.0,0.10000000149011612,0.10000000149011612,0.009999999776482582,837.0,0,,
0.0007192159999999982,0.0007192159999999982,0.007192159999999987,0.007192159999999987,0.007192159999999987,449,,,,,,,,,,,,,,,,,
,,,,,449,0.00037525358493439853,0.0,0.006382362451404333,0.0,0.20630097389221191,0.12510374188423157,0.7715280652046204,21.43672752380371,10.0,1.0,0.10000000149011612,0.10000000149011612,0.009999999776482582,844.0,0,,
0.0007984159999999972,0.0007984159999999972,0.007984159999999985,0.007984159999999985,0.007984159999999985,499,,,,,,,,,,,,,,,,,
,,,,,499,0.00021210919658187777,0.0,0.0047194804064929485,0.0,0.1976148784160614,0.09068119525909424,0.7675694823265076,22.068973541259766,10.0,1.0,0.10000000149011612,0.10000000149011612,0.009999999776482582,859.0,0,,
0.0007905550044973453,0.0007905550044973453,0.007905550044973461,0.007905550044973461,0.007905550044973461,549,,,,,,,,,,,,,,,,,
,,,,,549,0.0003322940901853144,0.0,0.0064828949980437756,0.0,0.19633981585502625,0.07112058997154236,0.7671889662742615,22.96598243713379,10.0,1.0,0.10000000149011612,0.10000000149011612,0.009999999776482582,871.0,0,,
0.0007810321914414664,0.0007810321914414664,0.007810321914414667,0.007810321914414667,0.007810321914414667,599,,,,,,,,,,,,,,,,,
,,,,,599,0.00023324332141783088,0.0,0.005183713510632515,0.0,0.1938561648130417,0.05310066044330597,0.766778826713562,24.010761260986328,10.0,1.0,0.10000000149011612,0.10000000149011612,0.009999999776482582,878.0,0,,
0.0007716240876315998,0.0007716240876315998,0.007716240876316002,0.007716240876316002,0.007716240876316002,649,,,,,,,,,,,,,,,,,
,,,,,649,0.00017926012515090406,0.0,0.004516838118433952,0.0,0.1858026087284088,0.03454798460006714,0.7624598145484924,25.097496032714844,10.0,1.0,0.10000000149011612,0.10000000149011612,0.009999999776482582,894.0,0,,
0.000762329311311006,0.000762329311311006,0.00762329311311006,0.00762329311311006,0.00762329311311006,699,,,,,,,,,,,,,,,,,
,,,,,699,0.00017603136075194925,0.0,0.00429789861664176,0.0,0.18409913778305054,0.04644269496202469,0.7657601237297058,26.271686553955078,10.0,1.0,0.10000000149011612,0.10000000149011612,0.009999999776482582,904.0,0,,
0.0007531464973672152,0.0007531464973672152,0.0075314649736721515,0.0075314649736721515,0.0075314649736721515,749,,,,,,,,,,,,,,,,,
,,,,,749,0.00018847043975256383,0.0,0.005084701348096132,0.0,0.18306471407413483,0.030886640772223473,0.7874306440353394,27.616588592529297,10.0,1.0,0.10000000149011612,0.10000000149011612,0.009999999776482582,920.0,0,,
0.0007440742971315358,0.0007440742971315358,0.007440742971315361,0.007440742971315361,0.007440742971315361,799,,,,,,,,,,,,,,,,,
,,,,,799,0.000176635745447129,0.0,0.004705999046564102,0.0,0.1733715981245041,0.030980199575424194,0.7832664251327515,29.1599063873291,10.0,1.0,0.10000000149011612,0.10000000149011612,0.009999999776482582,935.0,0,,
0.0007351113781809771,0.0007351113781809771,0.007351113781809777,0.007351113781809777,0.007351113781809777,849,,,,,,,,,,,,,,,,,
,,,,,849,0.00016286299796774983,0.0,0.004679895006120205,0.0,0.16775871813297272,0.03048848919570446,0.7932190895080566,30.933788299560547,10.0,1.0,0.10000000149011612,0.10000000149011612,0.009999999776482582,959.0,0,,
0.0007262564241425565,0.0007262564241425565,0.007262564241425571,0.007262564241425571,0.007262564241425571,899,,,,,,,,,,,,,,,,,
,,,,,899,0.00016207552107516676,0.0,0.004156612791121006,0.0,0.16202980279922485,0.023568706586956978,0.7900509238243103,32.764495849609375,10.0,1.0,0.10000000149011612,0.10000000149011612,0.009999999776482582,984.0,0,,
0.0007175081344999676,0.0007175081344999676,0.0071750813449996806,0.0071750813449996806,0.0071750813449996806,949,,,,,,,,,,,,,,,,,
,,,,,949,0.0001303931639995426,0.0,0.0036585035268217325,0.0,0.1554252654314041,0.024412667378783226,0.7929528951644897,34.89018249511719,10.0,1.0,0.10000000149011612,0.10000000149011612,0.009999999776482582,1023.0,0,,
0.0007088652244025732,0.0007088652244025732,0.007088652244025737,0.007088652244025737,0.007088652244025737,999,,,,,,,,,,,,,,,,,
,,,,,999,0.00014895870117470622,0.0,0.004087943118065596,0.0,0.1503116339445114,0.026365425437688828,0.8036501407623291,37.269474029541016,10.0,1.0,0.10000000149011612,0.10000000149011612,0.009999999776482582,1055.0,0,,
0.000700326424476701,0.000700326424476701,0.0070032642447670195,0.0070032642447670195,0.0070032642447670195,1049,,,,,,,,,,,,,,,,,
,,,,,1049,0.00038650381611660123,9.571039117872715e-05,0.007154177874326706,0.003987628500908613,0.14558278024196625,0.02479378879070282,0.8017767071723938,42.71158218383789,10.0,1.0,0.10000000149011612,0.10000000149011612,0.009999999776482582,1081.0,0,,
0.0006918904806392137,0.0006918904806392137,0.006918904806392148,0.006918904806392148,0.006918904806392148,1099,,,,,,,,,,,,,,,,,
,,,,,1099,0.0002893941127695143,8.116002572933212e-05,0.005707459524273872,0.00339312432333827,0.13119156658649445,0.013144097290933132,0.8058533072471619,52.44017028808594,10.0,1.0,0.10000000149011612,0.10000000149011612,0.009999999776482582,1135.0,0,,
0.0006835561539133219,0.0006835561539133219,0.006835561539133232,0.006835561539133232,0.006835561539133232,1149,,,,,,,,,,,,,,,,,
,,,,,1149,0.00022950413404032588,7.391712279058993e-05,0.005476434249430895,0.003163617569953203,0.11895027756690979,0.01440803986042738,0.807239830493927,63.38465881347656,10.0,1.0,0.10000000149011612,0.10000000149011612,0.009999999776482582,1179.0,0,,
0.0006753222202466175,0.0006753222202466175,0.006753222202466188,0.006753222202466188,0.006753222202466188,1199,,,,,,,,,,,,,,,,,
,,,,,1199,0.00015643956430722028,7.763549365336075e-05,0.00437932088971138,0.0030868384055793285,0.10411129891872406,0.014257536269724369,0.8131899237632751,76.4377212524414,10.0,1.0,0.10000000149011612,0.10000000149011612,0.009999999776482582,1226.0,0,,
0.0006671874703312985,0.0006671874703312985,0.006671874703312997,0.006671874703312997,0.006671874703312997,1249,,,,,,,,,,,,,,,,,
,,,,,1249,0.00015468221681658179,6.41445949440822e-05,0.004384094383567572,0.0025014833081513643,0.09116894006729126,0.009234230034053326,0.8164933919906616,92.24850463867188,10.0,1.0,0.10000000149011612,0.10000000149011612,0.009999999776482582,1289.0,0,,
0.0006591507094265594,0.0006591507094265594,0.006591507094265607,0.006591507094265607,0.006591507094265607,1299,,,,,,,,,,,,,,,,,
,,,,,1299,0.00011665930651361123,7.154126797104254e-05,0.003552414244040847,0.0027236181776970625,0.07871188223361969,0.00972919724881649,0.8223068118095398,110.3682632446289,10.0,1.0,0.10000000149011612,0.10000000149011612,0.009999999776482582,1348.0,0,,
0.0006512107571831221,0.0006512107571831221,0.006512107571831233,0.006512107571831233,0.006512107571831233,1349,,,,,,,,,,,,,,,,,
,,,,,1349,0.0001556033967062831,6.755298090865836e-05,0.003995274659246206,0.0028011684771627188,0.06782299280166626,0.01066664233803749,0.8245952129364014,128.67947387695312,10.0,1.0,0.10000000149011612,0.10000000149011612,0.009999999776482582,1430.0,0,,
0.0006433664474698782,0.0006433664474698782,0.006433664474698794,0.006433664474698794,0.006433664474698794,1399,,,,,,,,,,,,,,,,,
,,,,,1399,8.17444160929881e-05,6.73597096465528e-05,0.0030611713882535696,0.0025947915855795145,0.06040726229548454,0.005688609555363655,0.8302165865898132,148.26129150390625,10.0,1.0,0.10000000149011612,0.10000000149011612,0.009999999776482582,1507.0,0,,
0.0006356166282026204,0.0006356166282026204,0.006356166282026213,0.006356166282026213,0.006356166282026213,1449,,,,,,,,,,,,,,,,,
,,,,,1449,9.628236148273572e-05,5.655216591549106e-05,0.003141420893371105,0.002383802318945527,0.052981022745370865,0.008734450675547123,0.8350238800048828,165.2662353515625,10.0,1.0,0.10000000149011612,0.10000000149011612,0.009999999776482582,1595.0,0,,
0.0006279601611748387,0.0006279601611748387,0.006279601611748394,0.006279601611748394,0.006279601611748394,1499,,,,,,,,,,,,,,,,,
,,,,,1499,0.00010836713045137003,4.802966577699408e-05,0.0034357160329818726,0.0020546691957861185,0.048485465347766876,0.010450390167534351,0.8335330486297607,180.8805389404297,10.0,1.0,0.10000000149011612,0.10000000149011612,0.009999999776482582,1676.0,0,,
0.0006203959218905527,0.0006203959218905527,0.006203959218905532,0.006203959218905532,0.006203959218905532,1549,,,,,,,,,,,,,,,,,
,,,,,1549,7.391743565676734e-05,4.033733421238139e-05,0.0028167760465294123,0.001882739132270217,0.042630814015865326,0.005427377298474312,0.8382391929626465,195.97349548339844,10.0,1.0,0.10000000149011612,0.10000000149011612,0.009999999776482582,1788.0,0,,
0.0006129227993991581,0.0006129227993991581,0.0061292279939915905,0.0061292279939915905,0.0061292279939915905,1599,,,,,,,,,,,,,,,,,
,,,,,1599,9.575667354511097e-05,6.644952372880653e-05,0.00300006871111691,0.0024414064828306437,0.040287185460329056,0.0046892790123820305,0.845628559589386,209.0410614013672,10.0,1.0,0.10000000149011612,0.10000000149011612,0.009999999776482582,1877.0,0,,
0.0006055396961322632,0.0006055396961322632,0.006055396961322643,0.006055396961322643,0.006055396961322643,1649,,,,,,,,,,,,,,,,,
,,,,,1649,7.976486813277006e-05,4.2758911149576306e-05,0.0027960469014942646,0.0020758069586008787,0.038383688777685165,0.006999683566391468,0.8550266623497009,222.2865753173828,10.0,1.0,0.10000000149011612,0.10000000149011612,0.009999999776482582,2017.0,0,,
0.0005982455277424899,0.0005982455277424899,0.005982455277424912,0.005982455277424912,0.005982455277424912,1699,,,,,,,,,,,,,,,,,
,,,,,1699,8.076825179159641e-05,3.77386822947301e-05,0.002745224628597498,0.001855111913755536,0.03434232622385025,0.005427273456007242,0.8525915741920471,235.77145385742188,10.0,1.0,0.10000000149011612,0.10000000149011612,0.009999999776482582,2158.0,0,,
0.0005910392229442175,0.0005910392229442175,0.005910392229442185,0.005910392229442185,0.005910392229442185,1749,,,,,,,,,,,,,,,,,
,,,,,1749,7.335453847190365e-05,4.6536046284018084e-05,0.0026087439619004726,0.0019510079873725772,0.032720014452934265,0.005103106610476971,0.8572251796722412,250.37522888183594,10.0,1.0,0.10000000149011612,0.10000000149011612,0.009999999776482582,2300.0,0,,
0.0005839197233562431,0.0005839197233562431,0.005839197233562444,0.005839197233562444,0.005839197233562444,1799,,,,,,,,,,,,,,,,,
,,,,,1799,8.310432167490944e-05,3.639959322754294e-05,0.0027949721552431583,0.0019328775815665722,0.03149637579917908,0.0070937941782176495,0.8661349415779114,267.65753173828125,10.0,1.0,0.10000000149011612,0.10000000149011612,0.009999999776482582,2461.0,0,,
0.0005768859833463395,0.0005768859833463395,0.005768859833463411,0.005768859833463411,0.005768859833463411,1849,,,,,,,,,,,,,,,,,
,,,,,1849,6.506100908154622e-05,3.9270249544642866e-05,0.002506549935787916,0.001930366619490087,0.03043011575937271,0.005681999493390322,0.8718879818916321,280.91925048828125,10.0,1.0,0.10000000149011612,0.10000000149011612,0.009999999776482582,2681.0,0,,
0.0005699369698776853,0.0005699369698776853,0.005699369698776868,0.005699369698776868,0.005699369698776868,1899,,,,,,,,,,,,,,,,,
,,,,,1899,6.149570981506258e-05,3.116601874353364e-05,0.0022891161497682333,0.0017426160629838705,0.028227083384990692,0.004237798973917961,0.8749309778213501,300.22625732421875,10.0,1.0,0.10000000149011612,0.10000000149011612,0.009999999776482582,2937.0,0,,
0.0005630716623571414,0.0005630716623571414,0.005630716623571426,0.005630716623571426,0.005630716623571426,1949,,,,,,,,,,,,,,,,,
,,,,,1949,4.8621797759551555e-05,3.297826333437115e-05,0.0021265982650220394,0.0017623117892071605,0.027673054486513138,0.010072183795273304,0.890555202960968,312.41912841796875,10.0,1.0,0.10000000149011612,0.10000000149011612,0.009999999776482582,3233.0,0,,
0.0005562890524853594,0.0005562890524853594,0.005562890524853607,0.005562890524853607,0.005562890524853607,1999,,,,,,,,,,,,,,,,,
,,,,,1999,5.0470505811972544e-05,2.6805384550243616e-05,0.0022570164874196053,0.0015133445849642158,0.026425834745168686,0.003293460002169013,0.8984273672103882,326.0168762207031,10.0,1.0,0.10000000149011612,0.10000000149011612,0.009999999776482582,3566.0,0,,
,,,,,1999,,,,,,,,,,,,,,,0,10.547980308532715,
0.0005495881441086952,0.0005495881441086952,0.005495881441086958,0.005495881441086958,0.005495881441086958,2049,,,,,,,,,,,,,,,,,
,,,,,2049,5.032923218095675e-05,2.8417969588190317e-05,0.002276303246617317,0.0016155887860804796,0.02675885520875454,0.004349189344793558,0.9178377985954285,341.749755859375,10.0,1.0,0.10000000149011612,0.10000000149011612,0.009999999776482582,3992.0,0,,
0.0005429679530729016,0.0005429679530729016,0.005429679530729027,0.005429679530729027,0.005429679530729027,2099,,,,,,,,,,,,,,,,,
,,,,,2099,5.0441158236935735e-05,2.4171487893909216e-05,0.002319637918844819,0.0014500352554023266,0.02628370188176632,0.004487691912800074,0.9318928122520447,354.5191345214844,10.0,1.0,0.10000000149011612,0.10000000149011612,0.009999999776482582,4371.0,0,,
0.0005364275070785912,0.0005364275070785912,0.005364275070785925,0.005364275070785925,0.005364275070785925,2149,,,,,,,,,,,,,,,,,
,,,,,2149,4.1872375732054934e-05,2.6272058676113375e-05,0.0019133880268782377,0.0015250184806063771,0.02442190982401371,0.005373593885451555,0.9385408163070679,374.4147033691406,10.0,1.0,0.10000000149011612,0.10000000149011612,0.009999999776482582,4763.0,0,,
0.0005299658455384323,0.0005299658455384323,0.005299658455384336,0.005299658455384336,0.005299658455384336,2199,,,,,,,,,,,,,,,,,
,,,,,2199,4.5610915549332276e-05,2.7701980798156e-05,0.0020184358581900597,0.0014724601060152054,0.02340177819132805,0.00928474310785532,0.9473469853401184,392.0516662597656,10.0,1.0,0.10000000149011612,0.10000000149011612,0.009999999776482582,5073.0,0,,
0.00052358201943607,0.00052358201943607,0.00523582019436071,0.00523582019436071,0.00523582019436071,2249,,,,,,,,,,,,,,,,,
,,,,,2249,4.164150595897809e-05,2.096451135003008e-05,0.0019253670470789075,0.0013205275172367692,0.022782819345593452,0.0026537098456174135,0.9511318206787109,398.646240234375,10.0,1.0,0.10000000149011612,0.10000000149011612,0.009999999776482582,5418.0,0,,
0.0005172750911867452,0.0005172750911867452,0.005172750911867462,0.005172750911867462,0.005172750911867462,2299,,,,,,,,,,,,,,,,,
,,,,,2299,4.537498898571357e-05,2.6619372874847613e-05,0.001999578671529889,0.0013949439162388444,0.021311208605766296,0.004945758730173111,0.9543666243553162,419.9891357421875,10.0,1.0,0.10000000149011612,0.10000000149011612,0.009999999776482582,5547.0,0,,
0.0005110441344995931,0.0005110441344995931,0.005110441344995941,0.005110441344995941,0.005110441344995941,2349,,,,,,,,,,,,,,,,,
,,,,,2349,4.6307904995046556e-05,2.4385120923398063e-05,0.002007054165005684,0.0013504603412002325,0.020525414496660233,0.005066036246716976,0.9563374519348145,439.3788146972656,10.0,1.0,0.10000000149011612,0.10000000149011612,0.009999999776482582,5834.0,0,,
0.0005048882342415995,0.0005048882342415995,0.005048882342416009,0.005048882342416009,0.005048882342416009,2399,,,,,,,,,,,,,,,,,
,,,,,2399,3.861920413328335e-05,2.1254010789562017e-05,0.0019153931643813848,0.001331266132183373,0.02026969939470291,0.0021985871717333794,0.9593510627746582,458.5174560546875,10.0,1.0,0.10000000149011612,0.10000000149011612,0.009999999776482582,6132.0,0,,
0.000498806486303197,0.000498806486303197,0.004988064863031978,0.004988064863031978,0.004988064863031978,2449,,,,,,,,,,,,,,,,,
,,,,,2449,3.831530557363294e-05,2.0683011825894937e-05,0.0017783987568691373,0.001305548008531332,0.019766105338931084,0.0029426775872707367,0.9613768458366394,466.1666564941406,10.0,1.0,0.10000000149011612,0.10000000149011612,0.009999999776482582,6402.0,0,,
0.0004927979974654782,0.0004927979974654782,0.0049279799746547856,0.0049279799746547856,0.0049279799746547856,2499,,,,,,,,,,,,,,,,,
,,,,,2499,4.001136403530836e-05,1.9366878404980525e-05,0.0018940146546810865,0.0012548045488074422,0.01923285238444805,0.003387839300557971,0.9641268253326416,486.9281005859375,10.0,1.0,0.10000000149011612,0.10000000149011612,0.009999999776482582,6698.0,0,,
0.00048686188526901033,0.00048686188526901033,0.0048686188526901085,0.0048686188526901085,0.0048686188526901085,2549,,,,,,,,,,,,,,,,,
,,,,,2549,4.428415195434354e-05,1.9718070689123124e-05,0.0019805519841611385,0.0012620463967323303,0.018976595252752304,0.005775411147624254,0.9664849042892456,491.2903747558594,10.0,1.0,0.10000000149011612,0.10000000149011612,0.009999999776482582,6957.0,0,,
0.0004809972778842306,0.0004809972778842306,0.004809972778842312,0.004809972778842312,0.004809972778842312,2599,,,,,,,,,,,,,,,,,
,,,,,2599,3.256760464864783e-05,2.054978904197924e-05,0.0017340428894385695,0.0013275820529088378,0.018436845391988754,0.003746576840057969,0.9674946069717407,506.03143310546875,10.0,1.0,0.10000000149011612,0.10000000149011612,0.009999999776482582,7275.0,0,,
0.0004752033139834006,0.0004752033139834006,0.004752033139834009,0.004752033139834009,0.004752033139834009,2649,,,,,,,,,,,,,,,,,
,,,,,2649,3.445217589614913e-05,2.0035295165143907e-05,0.0016841473989188671,0.0011666797799989581,0.01788443885743618,0.003725564107298851,0.9685850739479065,519.7288818359375,10.0,1.0,0.10000000149011612,0.10000000149011612,0.009999999776482582,7608.0,0,,
0.0004694791426141035,0.0004694791426141035,0.004694791426141042,0.004694791426141042,0.004694791426141042,2699,,,,,,,,,,,,,,,,,
,,,,,2699,3.8352976844180375e-05,1.8061848095385358e-05,0.0018288134597241879,0.0012095302809029818,0.01764787547290325,0.0037132157012820244,0.9702367186546326,534.1755981445312,10.0,1.0,0.10000000149011612,0.10000000149011612,0.009999999776482582,7899.0,0,,
0.0004638239230742673,0.0004638239230742673,0.00463823923074268,0.00463823923074268,0.00463823923074268,2749,,,,,,,,,,,,,,,,,
,,,,,2749,3.697659121826291e-05,1.5104170415725093e-05,0.0017281012842431664,0.0011251093819737434,0.01730319857597351,0.0035378371831029654,0.9714465141296387,556.7579956054688,10.0,1.0,0.10000000149011612,0.10000000149011612,0.009999999776482582,8110.0,0,,
0.00045823682478869106,0.00045823682478869106,0.004582368247886914,0.004582368247886914,0.004582368247886914,2799,,,,,,,,,,,,,,,,,
,,,,,2799,3.168586772517301e-05,1.6153449905687012e-05,0.0015982321929186583,0.0011537539539858699,0.016572751104831696,0.002019087551161647,0.9724486470222473,564.3341674804688,10.0,1.0,0.10000000149011612,0.10000000149011612,0.009999999776482582,8192.0,0,,
0.00045271702718705946,0.00045271702718705946,0.0045271702718705994,0.0045271702718705994,0.0045271702718705994,2849,,,,,,,,,,,,,,,,,
,,,,,2849,2.535530256864149e-05,1.7210128135047853e-05,0.0014554919907823205,0.001147767761722207,0.016751762479543686,0.005539785139262676,0.9731525778770447,585.457763671875,10.0,1.0,0.10000000149011612,0.10000000149011612,0.009999999776482582,8192.0,0,,
0.0004472637195834263,0.0004472637195834263,0.004472637195834265,0.004472637195834265,0.004472637195834265,2899,,,,,,,,,,,,,,,,,
,,,,,2899,2.825653791660443e-05,1.6506301108165644e-05,0.0016408064402639866,0.0011304523795843124,0.016223471611738205,0.0037004887126386166,0.9739850163459778,589.3502807617188,10.0,1.0,0.10000000149011612,0.10000000149011612,0.009999999776482582,8192.0,0,,
0.00044187610105715023,0.00044187610105715023,0.0044187610105715066,0.0044187610105715066,0.0044187610105715066,2949,,,,,,,,,,,,,,,,,
,,,,,2949,3.097658191109076e-05,1.999215419346001e-05,0.0015376778319478035,0.0012011489598080516,0.016202064231038094,0.0038679272402077913,0.9744537472724915,603.6790771484375,10.0,1.0,0.10000000149011612,0.10000000149011612,0.009999999776482582,8192.0,0,,
0.00043655338033526497,0.00043655338033526497,0.004365533803352656,0.004365533803352656,0.004365533803352656,2999,,,,,,,,,,,,,,,,,
,,,,,2999,3.338245005579665e-05,1.8607366655487567e-05,0.0015949973603710532,0.0012682031374424696,0.01591021567583084,0.0033478052355349064,0.9750404357910156,607.3567504882812,10.0,1.0,0.10000000149011612,0.10000000149011612,0.009999999776482582,8192.0,0,,
0.000431294775676266,0.000431294775676266,0.004312947756762661,0.004312947756762661,0.004312947756762661,3049,,,,,,,,,,,,,,,,,
,,,,,3049,2.737317481660284e-05,1.4128970178717282e-05,0.0014783970545977354,0.0009909861255437136,0.015074610710144043,0.004071098752319813,0.9751729965209961,618.893798828125,10.0,1.0,0.10000000149011612,0.10000000149011612,0.009999999776482582,8192.0,0,,
0.00042609951475529594,0.00042609951475529594,0.0042609951475529595,0.0042609951475529595,0.0042609951475529595,3099,,,,,,,,,,,,,,,,,
,,,,,3099,3.0547416827175766e-05,1.956767482624855e-05,0.0016051834682002664,0.0011304339859634638,0.01477650087326765,0.002993254456669092,0.9751805663108826,639.4290161132812,10.0,1.0,0.10000000149011612,0.10000000149011612,0.009999999776482582,8192.0,0,,
0.00042096683455071537,0.00042096683455071537,0.004209668345507157,0.004209668345507157,0.004209668345507157,3149,,,,,,,,,,,,,,,,,
,,,,,3149,2.8469939934439026e-05,1.9888680981239304e-05,0.0015536161372438073,0.0011963880388066173,0.014812333509325981,0.004161842633038759,0.9755179286003113,652.3817138671875,10.0,1.0,0.10000000149011612,0.10000000149011612,0.009999999776482582,8192.0,0,,
0.0004158959812320388,0.0004158959812320388,0.004158959812320392,0.004158959812320392,0.004158959812320392,3199,,,,,,,,,,,,,,,,,
,,,,,3199,2.8306341846473515e-05,1.6476857126690447e-05,0.0015428806655108929,0.0011438066139817238,0.014497543685138226,0.005269969813525677,0.9755178093910217,653.3477783203125,10.0,1.0,0.10000000149011612,0.10000000149011612,0.009999999776482582,8192.0,0,,
0.0004108862100492197,0.0004108862100492197,0.004108862100492199,0.004108862100492199,0.004108862100492199,3249,,,,,,,,,,,,,,,,,
,,,,,3249,3.346022640471347e-05,1.4870952327328268e-05,0.001665684161707759,0.0010687254834920168,0.014283732511103153,0.002932833507657051,0.975372850894928,663.7140502929688,10.0,1.0,0.10000000149011612,0.10000000149011612,0.009999999776482582,8192.0,0,,
0.00040593678522327065,0.00040593678522327065,0.0040593678522327075,0.0040593678522327075,0.0040593678522327075,3299,,,,,,,,,,,,,,,,,
,,,,,3299,3.437915074755438e-05,1.4857540008961223e-05,0.0015814164653420448,0.0010590414749458432,0.014203091152012348,0.0027380632236599922,0.9756123423576355,680.4521484375,10.0,1.0,0.10000000149011612,0.10000000149011612,0.009999999776482582,8192.0,0,,
0.00040104697983819974,0.00040104697983819974,0.004010469798381999,0.004010469798381999,0.004010469798381999,3349,,,,,,,,,,,,,,,,,
,,,,,3349,2.489832513674628e-05,1.5105238162504975e-05,0.0014908825978636742,0.001087280223146081,0.013912399299442768,0.004926202353090048,0.9756162166595459,681.7203369140625,10.0,1.0,0.10000000149011612,0.10000000149011612,0.009999999776482582,8192.0,0,,
0.00039621607573425027,0.00039621607573425027,0.003962160757342505,0.003962160757342505,0.003962160757342505,3399,,,,,,,,,,,,,,,,,
,,,,,3399,2.740551826718729e-05,1.2673527635342907e-05,0.0014850065344944596,0.0009933593682944775,0.013436926528811455,0.003386538242921233,0.9753699898719788,698.91064453125,10.0,1.0,0.10000000149011612,0.10000000149011612,0.009999999776482582,8192.0,0,,
0.0003914433634024242,0.0003914433634024242,0.003914433634024245,0.003914433634024245,0.003914433634024245,3449,,,,,,,,,,,,,,,,,
,,,,,3449,2.8264143111300655e-05,1.290228192374343e-05,0.0014152505900710821,0.0009984900243580341,0.013094903901219368,0.002655516844242811,0.9761422872543335,689.7269897460938,10.0,1.0,0.10000000149011612,0.10000000149011612,0.009999999776482582,8192.0,0,,
0.00038672814188027844,0.00038672814188027844,0.0038672814188027873,0.0038672814188027873,0.0038672814188027873,3499,,,,,,,,,,,,,,,,,
,,,,,3499,2.7120273443870246e-05,1.4840103176538832e-05,0.0014401356456801295,0.0010121266823261976,0.013114504516124725,0.0036861388944089413,0.9752663373947144,710.3973999023438,10.0,1.0,0.10000000149011612,0.10000000149011612,0.009999999776482582,8192.0,0,,
0.0003820697186489753,0.0003820697186489753,0.0038206971864897564,0.0038206971864897564,0.0038206971864897564,3549,,,,,,,,,,,,,,,,,
,,,,,3549,3.0217108360375278e-05,1.332790998276323e-05,0.0015481855953112245,0.0009433536324650049,0.013097899965941906,0.0015149881364777684,0.9757323265075684,715.4891967773438,10.0,1.0,0.10000000149011612,0.10000000149011612,0.009999999776482582,8192.0,0,,
0.00037746740953157254,0.00037746740953157254,0.0037746740953157293,0.0037746740953157293,0.0037746740953157293,3599,,,,,,,,,,,,,,,,,
,,,,,3599,3.0174502171576023e-05,1.570413041918073e-05,0.0014511948684230447,0.0010658823885023594,0.012722468934953213,0.0028286331798881292,0.9761424660682678,732.432861328125,10.0,1.0,0.10000000149011612,0.10000000149011612,0.009999999776482582,8192.0,0,,
0.00037292053859253944,0.00037292053859253944,0.003729205385925398,0.003729205385925398,0.003729205385925398,3649,,,,,,,,,,,,,,,,,
,,,,,3649,3.0272207368398085e-05,1.4571468454960268e-05,0.0016037948662415147,0.0010346596827730536,0.01269345823675394,0.0050266883336007595,0.9764069318771362,739.0071411132812,10.0,1.0,0.10000000149011612,0.10000000149011612,0.009999999776482582,8192.0,0,,
0.00036842843803848305,0.00036842843803848305,0.0036842843803848347,0.0036842843803848347,0.0036842843803848347,3699,,,,,,,,,,,,,,,,,
,,,,,3699,2.8196509447298013e-05,1.3506545656127855e-05,0.0015299697406589985,0.0009901906596496701,0.012581652030348778,0.002354784868657589,0.9760134816169739,732.7598266601562,10.0,1.0,0.10000000149011612,0.10000000149011612,0.009999999776482582,8192.0,0,,
0.00036399044812007015,0.00036399044812007015,0.003639904481200706,0.003639904481200706,0.003639904481200706,3749,,,,,,,,,,,,,,,,,
,,,,,3749,2.7356170903658494e-05,1.3828036571794655e-05,0.0015185384545475245,0.0010359003208577633,0.012524507939815521,0.004777371883392334,0.9757702946662903,746.727783203125,10.0,1.0,0.10000000149011612,0.10000000149011612,0.009999999776482582,8192.0,0,,
0.0003596059170351307,0.0003596059170351307,0.003596059170351309,0.003596059170351309,0.003596059170351309,3799,,,,,,,,,,,,,,,,,
,,,,,3799,2.6284858904546127e-05,1.3408434824668802e-05,0.0014798624906688929,0.0009738648077473044,0.01225515641272068,0.002983472077175975,0.9761987924575806,762.3995971679688,10.0,1.0,0.10000000149011612,0.10000000149011612,0.009999999776482582,8192.0,0,,
0.00035527420083292797,0.00035527420083292797,0.0035527420083292832,0.0035527420083292832,0.0035527420083292832,3849,,,,,,,,,,,,,,,,,
,,,,,3849,2.402647260169033e-05,1.3392598702921532e-05,0.001348832855001092,0.0009894792456179857,0.012387404218316078,0.0031962143257260323,0.9754189252853394,765.445556640625,10.0,1.0,0.10000000149011612,0.10000000149011612,0.009999999776482582,8192.0,0,,
0.0003509946633195832,0.0003509946633195832,0.0035099466331958364,0.0035099466331958364,0.0035099466331958364,3899,,,,,,,,,,,,,,,,,
,,,,,3899,2.658255834830925e-05,1.1045382052543573e-05,0.0014729565009474754,0.000969977118074894,0.01231333427131176,0.002402492566034198,0.9752110242843628,784.0435180664062,10.0,1.0,0.10000000149011612,0.10000000149011612,0.009999999776482582,8192.0,0,,
0.0003467666759646379,0.0003467666759646379,0.0034676667596463817,0.0034676667596463817,0.0034676667596463817,3949,,,,,,,,,,,,,,,,,
,,,,,3949,2.4622853743494488e-05,1.3667260645888746e-05,0.0014635284896939993,0.0010178802767768502,0.011912214569747448,0.0022871640976518393,0.9759998321533203,790.2376708984375,10.0,1.0,0.10000000149011612,0.10000000149011612,0.009999999776482582,8192.0,0,,
0.0003425896178087422,0.0003425896178087422,0.0034258961780874258,0.0034258961780874258,0.0034258961780874258,3999,,,,,,,,,,,,,,,,,
,,,,,3999,2.6044253900181502e-05,1.1487825759104453e-05,0.0014750411501154304,0.0008795307367108762,0.01201996672898531,0.0038411549758166075,0.9759947657585144,787.7782592773438,10.0,1.0,0.10000000149011612,0.10000000149011612,0.009999999776482582,8192.0,0,,
,,,,,3999,,,,,,,,,,,,,,,0,10.527981758117676,
0.0003384628753724558,0.0003384628753724558,0.0033846287537245634,0.0033846287537245634,0.0033846287537245634,4049,,,,,,,,,,,,,,,,,
,,,,,4049,2.5406250642845407e-05,1.0971923074976075e-05,0.0014165861066430807,0.0008739283657632768,0.01169649139046669,0.004273248370736837,0.9761165380477905,796.4609985351562,10.0,1.0,0.10000000149011612,0.10000000149011612,0.009999999776482582,8192.0,0,,
0.00033438584256614715,0.00033438584256614715,0.003343858425661477,0.003343858425661477,0.003343858425661477,4099,,,,,,,,,,,,,,,,,
,,,,,4099,2.536402280384209e-05,1.1735894986486528e-05,0.0014047749573364854,0.0009383431752212346,0.011602361686527729,0.004256151150912046,0.9753522872924805,807.4244995117188,10.0,1.0,0.10000000149011612,0.10000000149011612,0.009999999776482582,8192.0,0,,
0.00033035792060097705,0.00033035792060097705,0.0033035792060097753,0.0033035792060097753,0.0033035792060097753,4149,,,,,,,,,,,,,,,,,
,,,,,4149,2.310609670530539e-05,1.2524717021733522e-05,0.0013858539750799537,0.0009223063243553042,0.01134057343006134,0.0020678325090557337,0.9752985239028931,814.3670043945312,10.0,1.0,0.10000000149011612,0.10000000149011612,0.009999999776482582,8192.0,0,,
0.00032637851790095557,0.00032637851790095557,0.0032637851790095597,0.0032637851790095597,0.0032637851790095597,4199,,,,,,,,,,,,,,,,,
,,,,,4199,2.1598929379251786e-05,1.1758505934267305e-05,0.001325993100181222,0.0008967603207565844,0.011428089812397957,0.003565964987501502,0.974850594997406,822.538818359375,10.0,1.0,0.10000000149011612,0.10000000149011612,0.009999999776482582,8192.0,0,,
0.00032244705001605863,0.00032244705001605863,0.003224470500160593,0.003224470500160593,0.003224470500160593,4249,,,,,,,,,,,,,,,,,
,,,,,4249,2.0713794583571143e-05,1.2753617738781031e-05,0.0012951765675097704,0.0009988103993237019,0.011530589312314987,0.002357552759349346,0.9758202433586121,816.18408203125,10.0,1.0,0.10000000149011612,0.10000000149011612,0.009999999776482582,8192.0,0,,
0.00031856293953639003,0.00031856293953639003,0.0031856293953639054,0.0031856293953639054,0.0031856293953639054,4299,,,,,,,,,,,,,,,,,
,,,,,4299,2.1118148652021773e-05,1.2128914022468962e-05,0.0012741431128233671,0.0009645599056966603,0.011198843829333782,0.0022573077585548162,0.975982666015625,838.0103759765625,10.0,1.0,0.10000000149011612,0.10000000149011612,0.009999999776482582,8192.0,0,,
0.0003147256160073772,0.0003147256160073772,0.0031472561600737778,0.0031472561600737778,0.0031472561600737778,4349,,,,,,,,,,,,,,,,,
,,,,,4349,2.4054075765889138e-05,1.0949471288768109e-05,0.0013595246709883213,0.0009256108896806836,0.011197109706699848,0.0020058793015778065,0.9751631021499634,830.9819946289062,10.0,1.0,0.10000000149011612,0.10000000149011612,0.009999999776482582,8192.0,0,,
0.00031093451584599094,0.00031093451584599094,0.0031093451584599144,0.0031093451584599144,0.0031093451584599144,4399,,,,,,,,,,,,,,,,,
,,,,,4399,3.169405317748897e-05,1.232936392625561e-05,0.0014838003553450108,0.0009324730490334332,0.011217059567570686,0.0024378972593694925,0.9752439260482788,836.001953125,10.0,1.0,0.10000000149011612,0.10000000149011612,0.009999999776482582,8192.0,0,,
0.00030718908225797076,0.00030718908225797076,0.003071890822579714,0.003071890822579714,0.003071890822579714,4449,,,,,,,,,,,,,,,,,
,,,,,4449,2.2235883079702035e-05,1.0343646863475442e-05,0.0014037793735042214,0.000894831377081573,0.010959411971271038,0.005250409245491028,0.9750206470489502,855.0321655273438,10.0,1.0,0.10000000149011612,0.10000000149011612,0.009999999776482582,8192.0,0,,
0.000303488765156051,0.000303488765156051,0.0030348876515605165,0.0030348876515605165,0.0030348876515605165,4499,,,,,,,,,,,,,,,,,
,,,,,4499,2.6604426238918677e-05,1.0681929779821075e-05,0.0014046091819182038,0.0008580367430113256,0.01086732093244791,0.001925820717588067,0.975565493106842,856.6633911132812,10.0,1.0,0.10000000149011612,0.10000000149011612,0.009999999776482582,8192.0,0,,
0.00029983302107916896,0.00029983302107916896,0.0029983302107916957,0.0029983302107916957,0.0029983302107916957,4549,,,,,,,,,,,,,,,,,
,,,,,4549,2.1687081243726425e-05,1.2676538972300477e-05,0.0012287507997825742,0.0009266621200367808,0.010694128461182117,0.002968916902318597,0.9754936695098877,856.96533203125,10.0,1.0,0.10000000149011612,0.10000000149011612,0.009999999776482582,8192.0,0,,
0.0002962213131126475,0.0002962213131126475,0.002962213131126482,0.002962213131126482,0.002962213131126482,4599,,,,,,,,,,,,,,,,,
,,,,,4599,2.7273948944639415e-05,1.6828909792820923e-05,0.0014009242877364159,0.0010632924968376756,0.010789914056658745,0.002830316312611103,0.9758486747741699,865.3214721679688,10.0,1.0,0.10000000149011612,0.10000000149011612,0.009999999776482582,8192.0,0,,
0.00029265311080934003,0.00029265311080934003,0.0029265311080934058,0.0029265311080934058,0.0029265311080934058,4649,,,,,,,,,,,,,,,,,
,,,,,4649,2.7869709811056964e-05,1.0714428753999528e-05,0.0014354983577504754,0.0008718143217265606,0.01093976479023695,0.0033768611028790474,0.9748732447624207,869.1897583007812,10.0,1.0,0.10000000149011612,0.10000000149011612,0.009999999776482582,8192.0,0,,
0.0002891278901117232,0.0002891278901117232,0.0028912789011172352,0.0028912789011172352,0.0028912789011172352,4699,,,,,,,,,,,,,,,,,
,,,,,4699,2.2398460714612156e-05,9.735708772495855e-06,0.0013576258206740022,0.0008292353013530374,0.010504440404474735,0.0024323228280991316,0.9750655889511108,867.0797729492188,10.0,1.0,0.10000000149011612,0.10000000149011612,0.009999999776482582,8192.0,0,,
0.0002856451332749293,0.0002856451332749293,0.002856451332749297,0.002856451332749297,0.002856451332749297,4749,,,,,,,,,,,,,,,,,
,,,,,4749,2.134120040864218e-05,1.3945425962447189e-05,0.0013029458932578564,0.0009904621401801705,0.010852474719285965,0.003722324501723051,0.9746474623680115,883.85302734375,10.0,1.0,0.10000000149011612,0.10000000149011612,0.009999999776482582,8192.0,0,,
0.000282204328790707,0.000282204328790707,0.0028220432879070734,0.0028220432879070734,0.0028220432879070734,4799,,,,,,,,,,,,,,,,,
,,,,,4799,2.3129214241635054e-05,1.3741765542363282e-05,0.0013118108035996556,0.0009401278803125024,0.01048651710152626,0.0026688389480113983,0.9748404622077942,909.302978515625,10.0,1.0,0.10000000149011612,0.10000000149011612,0.009999999776482582,8192.0,0,,
0.00027880497131229547,0.00027880497131229547,0.002788049713122959,0.002788049713122959,0.002788049713122959,4849,,,,,,,,,,,,,,,,,
,,,,,4849,2.2797566998633556e-05,1.3600249076262116e-05,0.001282094162888825,0.0009581241174601018,0.010495570488274097,0.0034360920544713736,0.9747617244720459,898.8116455078125,10.0,1.0,0.10000000149011612,0.10000000149011612,0.009999999776482582,8192.0,0,,
0.0002754465615802049,0.0002754465615802049,0.0027544656158020532,0.0027544656158020532,0.0027544656158020532,4899,,,,,,,,,,,,,,,,,
,,,,,4899,2.3197098926175386e-05,1.0695154742279556e-05,0.0013333983952179551,0.0008959090919233859,0.010246530175209045,0.0021400812547653913,0.9750046730041504,900.6286010742188,10.0,1.0,0.10000000149011612,0.10000000149011612,0.009999999776482582,8192.0,0,,
0.00027212860634889146,0.00027212860634889146,0.0027212860634889206,0.0027212860634889206,0.0027212860634889206,4949,,,,,,,,,,,,,,,,,
,,,,,4949,2.3344220608123578e-05,1.281616641790606e-05,0.0013289700727909803,0.0008996528340503573,0.010046461597084999,0.0040849545039236546,0.9747116565704346,908.3568725585938,10.0,1.0,0.10000000149011612,0.10000000149011612,0.009999999776482582,8192.0,0,,
0.0002688506183143143,0.0002688506183143143,0.0026885061831431493,0.0026885061831431493,0.0026885061831431493,4999,,,,,,,,,,,,,,,,,
,,,,,4999,2.442226468701847e-05,1.191832052427344e-05,0.0013127831043675542,0.0009295983472838998,0.010001259855926037,0.0020450749434530735,0.9746031165122986,902.388427734375,10.0,1.0,0.10000000149011612,0.10000000149011612,0.009999999776482582,8192.0,0,,
0.00026561211604236607,0.00026561211604236607,0.002656121160423667,0.002656121160423667,0.002656121160423667,5049,,,,,,,,,,,,,,,,,
,,,,,5049,2.8725264201057144e-05,9.526022040518e-06,0.0013878628378733993,0.000842269801069051,0.009999873116612434,0.005723882000893354,0.9751585125923157,915.7109375,10.0,1.0,0.10000000149011612,0.10000000149011612,0.009999999776482582,8192.0,0,,
0.00026241262389816534,0.00026241262389816534,0.0026241262389816587,0.0026241262389816587,0.0026241262389816587,5099,,,,,,,,,,,,,,,,,
,,,,,5099,2.234172097814735e-05,1.403556962031871e-05,0.001318064285442233,0.0008989243651740253,0.009968689642846584,0.0018614986911416054,0.974709153175354,920.3717041015625,10.0,1.0,0.10000000149011612,0.10000000149011612,0.009999999776482582,8192.0,0,,
0.00025925167197620016,0.00025925167197620016,0.0025925167197620087,0.0025925167197620087,0.0025925167197620087,5149,,,,,,,,,,,,,,,,,
,,,,,5149,1.7877027858048677e-05,1.0376332284067757e-05,0.0011698201997205615,0.0008681679028086364,0.010221414268016815,0.0031991535797715187,0.975100040435791,915.888671875,10.0,1.0,0.10000000149011612,0.10000000149011612,0.009999999776482582,8192.0,0,,
0.0002561287960313147,0.0002561287960313147,0.0025612879603131547,0.0025612879603131547,0.0025612879603131547,5199,,,,,,,,,,,,,,,,,
,,,,,5199,2.1388366803876124e-05,1.3073686204734258e-05,0.0012511595850810409,0.0009316534269601107,0.009902716614305973,0.002308665541931987,0.9748580455780029,917.8954467773438,10.0,1.0,0.10000000149011612,0.10000000149011612,0.009999999776482582,8192.0,0,,
0.0002530435374105254,0.0002530435374105254,0.002530435374105262,0.002530435374105262,0.002530435374105262,5249,,,,,,,,,,,,,,,,,
,,,,,5249,2.1248079065117054e-05,8.628034265711904e-06,0.0012472231173887849,0.0007996938074938953,0.009867774322628975,0.002162411343306303,0.9746063351631165,922.92236328125,10.0,1.0,0.10000000149011612,0.10000000149011612,0.009999999776482582,8192.0,0,,
0.0002499954429856588,0.0002499954429856588,0.0024999544298565943,0.0024999544298565943,0.0024999544298565943,5299,,,,,,,,,,,,,,,,,
,,,,,5299,2.0479306840570644e-05,1.0417929843242746e-05,0.001231743604876101,0.0008407253189943731,0.009837807156145573,0.0024498223792761564,0.9749693274497986,936.9736938476562,10.0,1.0,0.10000000149011612,0.10000000149011612,0.009999999776482582,8192.0,0,,
0.0002469840650868017,0.0002469840650868017,0.0024698406508680236,0.0024698406508680236,0.0024698406508680236,5349,,,,,,,,,,,,,,,,,
,,,,,5349,2.0290224711061455e-05,1.2320724636083469e-05,0.0012009713100269437,0.000914297706913203,0.00962886493653059,0.0034046336077153683,0.9751420617103577,946.149169921875,10.0,1.0,0.10000000149011612,0.10000000149011612,0.009999999776482582,8192.0,0,,
0.0002440089614365525,0.0002440089614365525,0.002440089614365532,0.002440089614365532,0.002440089614365532,5399,,,,,,,,,,,,,,,,,
,,,,,5399,2.466109799570404e-05,1.1076632290496491e-05,0.001273543224669993,0.0008241203031502664,0.009921525605022907,0.003417442087084055,0.974750280380249,946.7598266601562,10.0,1.0,0.10000000149011612,0.10000000149011612,0.009999999776482582,8192.0,0,,
0.0002410696950850644,0.0002410696950850644,0.002410696950850652,0.002410696950850652,0.002410696950850652,5449,,,,,,,,,,,,,,,,,
,,,,,5449,2.2588046704186127e-05,1.014307690638816e-05,0.0012113099219277501,0.0008616949780844152,0.009789910167455673,0.002361776540055871,0.9747387766838074,955.7955932617188,10.0,1.0,0.10000000149011612,0.10000000149011612,0.009999999776482582,8192.0,0,,
0.00023816583434587077,0.00023816583434587077,0.0023816583434587172,0.0023816583434587172,0.0023816583434587172,5499,,,,,,,,,,,,,,,,,
,,,,,5499,2.1347408619476482e-05,1.01402247310034e-05,0.0012012680526822805,0.0008283393108285964,0.009982411749660969,0.003545486368238926,0.974999725818634,954.59765625,10.0,1.0,0.10000000149011612,0.10000000149011612,0.009999999776482582,8192.0,0,,
0.00023529695273248412,0.00023529695273248412,0.0023529695273248516,0.0023529695273248516,0.0023529695273248516,5549,,,,,,,,,,,,,,,,,
,,,,,5549,2.23304086830467e-05,8.690459253557492e-06,0.0012413562508299947,0.000767179939430207,0.009475616738200188,0.0026835252065211535,0.9751030206680298,960.077392578125,10.0,1.0,0.10000000149011612,0.10000000149011612,0.009999999776482582,8192.0,0,,
0.00023246262889575864,0.00023246262889575864,0.002324626288957595,0.002324626288957595,0.002324626288957595,5599,,,,,,,,,,,,,,,,,
,,,,,5599,2.061383747786749e-05,1.2302912182349246e-05,0.0012084958143532276,0.0008736174204386771,0.009754631668329239,0.0014815829927101731,0.9738866090774536,972.7108764648438,10.0,1.0,0.10000000149011612,0.10000000149011612,0.009999999776482582,8192.0,0,,
0.00022966244656200688,0.00022966244656200688,0.002296624465620078,0.002296624465620078,0.002296624465620078,5649,,,,,,,,,,,,,,,,,
,,,,,5649,1.8718426872510463e-05,9.666800906416029e-06,0.0011854819022119045,0.0008390527800656855,0.009365265257656574,0.0022340724244713783,0.9752974510192871,971.3648681640625,10.0,1.0,0.10000000149011612,0.10000000149011612,0.009999999776482582,8192.0,0,,
0.00022689599447186243,0.00022689599447186243,0.0022689599447186333,0.0022689599447186333,0.0022689599447186333,5699,,,,,,,,,,,,,,,,,
,,,,,5699,2.31694557442097e-05,1.1839806575153489e-05,0.001266944920644164,0.0008888212614692748,0.009405868127942085,0.001969937002286315,0.9753403663635254,981.8074340820312,10.0,1.0,0.10000000149011612,0.10000000149011612,0.009999999776482582,8192.0,0,,
0.00022416286631987873,0.00022416286631987873,0.002241628663198796,0.002241628663198796,0.002241628663198796,5749,,,,,,,,,,,,,,,,,
,,,,,5749,2.222731927759014e-05,9.172444151772652e-06,0.0012871545040979981,0.0008178652497008443,0.009667597711086273,0.003600125666707754,0.974763035774231,979.6829223632812,10.0,1.0,0.10000000149011612,0.10000000149011612,0.009999999776482582,8192.0,0,,
0.0002214626606948552,0.0002214626606948552,0.0022146266069485608,0.0022146266069485608,0.0022146266069485608,5799,,,,,,,,,,,,,,,,,
,,,,,5799,1.7495603970019147e-05,1.0603518603602424e-05,0.001134077669121325,0.0008555569220334291,0.009496520273387432,0.003682496026158333,0.9750310778617859,974.0303955078125,10.0,1.0,0.10000000149011612,0.10000000149011612,0.009999999776482582,8192.0,0,,
0.00021879498102088263,0.00021879498102088263,0.002187949810208835,0.002187949810208835,0.002187949810208835,5849,,,,,,,,,,,,,,,,,
,,,,,5849,2.6505709683988243e-05,1.322907701251097e-05,0.001414386322721839,0.0009190522832795978,0.009443231858313084,0.0059212385676801205,0.9744975566864014,977.88232421875,10.0,1.0,0.10000000149011612,0.10000000149011612,0.009999999776482582,8192.0,0,,
0.00021615943549909913,0.00021615943549909913,0.002161594354991001,0.002161594354991001,0.002161594354991001,5899,,,,,,,,,,,,,,,,,
,,,,,5899,2.4520797524019144e-05,9.935597518051509e-06,0.0012238946510478854,0.0007956022163853049,0.00955347903072834,0.0026527894660830498,0.9745898842811584,991.0619506835938,10.0,1.0,0.10000000149011612,0.10000000149011612,0.009999999776482582,8192.0,0,,
0.00021355563705014602,0.00021355563705014602,0.00213555637050147,0.00213555637050147,0.00213555637050147,5949,,,,,,,,,,,,,,,,,
,,,,,5949,2.057586971204728e-05,9.676945410319604e-06,0.0011892776237800717,0.0008286176598630846,0.009381700307130814,0.0032758261077106,0.9746960401535034,1006.7183227539062,10.0,1.0,0.10000000149011612,0.10000000149011612,0.009999999776482582,8192.0,0,,
0.00021098320325731867,0.00021098320325731867,0.0021098320325731966,0.0021098320325731966,0.0021098320325731966,5999,,,,,,,,,,,,,,,,,
,,,,,5999,1.6729323760955594e-05,1.0603276678011753e-05,0.001229622052051127,0.0008988245972432196,0.00907201785594225,0.0021318397484719753,0.9747514724731445,986.8903198242188,10.0,1.0,0.10000000149011612,0.10000000149011612,0.009999999776482582,8192.0,0,,
,,,,,5999,,,,,,,,,,,,,,,0,10.510680198669434,
0.0002084417563104014,0.0002084417563104014,0.002084417563104023,0.002084417563104023,0.002084417563104023,6049,,,,,,,,,,,,,,,,,
,,,,,6049,2.2803271349403076e-05,8.272347258753143e-06,0.0012874649837613106,0.0007598138763569295,0.00934404507279396,0.0032629533670842648,0.9750953912734985,986.8931884765625,10.0,1.0,0.10000000149011612,0.10000000149011612,0.009999999776482582,8192.0,0,,
0.00020593092295017847,0.00020593092295017847,0.002059309229501794,0.002059309229501794,0.002059309229501794,6099,,,,,,,,,,,,,,,,,
,,,,,6099,2.0868297724518925e-05,1.0815226232807618e-05,0.0012524707708507776,0.0008477257797494531,0.00936078280210495,0.003877845825627446,0.974200427532196,998.383056640625,10.0,1.0,0.10000000149011612,0.10000000149011612,0.009999999776482582,8192.0,0,,
0.00020345033441361465,0.00020345033441361465,0.0020345033441361566,0.0020345033441361566,0.0020345033441361566,6149,,,,,,,,,,,,,,,,,
,,,,,6149,2.3405671527143568e-05,9.167965799861122e-06,0.0013034652220085263,0.0008035464561544359,0.009107868187129498,0.00336855580098927,0.9743794202804565,1005.0476684570312,10.0,1.0,0.10000000149011612,0.10000000149011612,0.009999999776482582,8192.0,0,,
0.00020099962637969512,0.00020099962637969512,0.00200999626379696,0.00200999626379696,0.00200999626379696,6199,,,,,,,,,,,,,,,,,
,,,,,6199,1.86047163879266e-05,9.57735664997017e-06,0.0011143152369186282,0.0008259137393906713,0.00919631589204073,0.002004285342991352,0.974789023399353,1003.1028442382812,10.0,1.0,0.10000000149011612,0.10000000149011612,0.009999999776482582,8192.0,0,,
0.00019857843891591783,0.00019857843891591783,0.001985784389159187,0.001985784389159187,0.001985784389159187,6249,,,,,,,,,,,,,,,,,
,,,,,6249,1.953377250174526e-05,1.0399788152426481e-05,0.0012324708513915539,0.0008300242479890585,0.009078331291675568,0.001612815191037953,0.9743296504020691,1011.8321533203125,10.0,1.0,0.10000000149011612,0.10000000149011612,0.009999999776482582,8192.0,0,,
0.00019618641642543084,0.00019618641642543084,0.001961864164254318,0.001961864164254318,0.001961864164254318,6299,,,,,,,,,,,,,,,,,
,,,,,6299,2.121909346897155e-05,9.094230335904285e-06,0.001279490883462131,0.0007892514695413411,0.00917954370379448,0.0018390420591458678,0.974601686000824,1018.3374633789062,10.0,1.0,0.10000000149011612,0.10000000149011612,0.009999999776482582,8192.0,0,,
0.0001938232075948066,0.0001938232075948066,0.0019382320759480768,0.0019382320759480768,0.0019382320759480768,6349,,,,,,,,,,,,,,,,,
,,,,,6349,2.0070172467967495e-05,1.0160366400668863e-05,0.0012211556313559413,0.0008340075728483498,0.009101435542106628,0.0015865322202444077,0.9746080040931702,1023.3167114257812,10.0,1.0,0.10000000149011612,0.10000000149011612,0.009999999776482582,8192.0,0,,
0.00019148846534244458,0.00019148846534244458,0.0019148846534244566,0.0019148846534244566,0.0019148846534244566,6399,,,,,,,,,,,,,,,,,
,,,,,6399,1.9537155822035857e-05,1.0497818948351778e-05,0.001179124927148223,0.0008264798088930547,0.009001100435853004,0.004077457822859287,0.9742005467414856,1031.7391357421875,10.0,1.0,0.10000000149011612,0.10000000149011612,0.009999999776482582,8192.0,0,,
0.00018918184676759578,0.00018918184676759578,0.0018918184676759678,0.0018918184676759678,0.0018918184676759678,6449,,,,,,,,,,,,,,,,,
,,,,,6449,1.9967816115240566e-05,1.1799695130321197e-05,0.001205031294375658,0.0008291056728921831,0.008990519680082798,0.0020766749512404203,0.9742250442504883,1040.3671875,10.0,1.0,0.10000000149011612,0.10000000149011612,0.009999999776482582,8192.0,0,,
0.00018690301310000134,0.00018690301310000134,0.0018690301310000238,0.0018690301310000238,0.0018690301310000238,6499,,,,,,,,,,,,,,,,,
,,,,,6499,1.8221926438855007e-05,8.938315659179352e-06,0.0011462931288406253,0.0007573605398647487,0.008827555924654007,0.002011300763115287,0.9745989441871643,1033.1968994140625,10.0,1.0,0.10000000149011612,0.10000000149011612,0.009999999776482582,8192.0,0,,
0.00018465162965013819,0.00018465162965013819,0.0018465162965013901,0.0018465162965013901,0.0018465162965013901,6549,,,,,,,,,,,,,,,,,
,,,,,6549,1.5784416973474436e-05,1.0199585631198715e-05,0.001108588301576674,0.0008184764883480966,0.00879736803472042,0.002212503692135215,0.974178671836853,1043.3778076171875,10.0,1.0,0.10000000149011612,0.10000000149011612,0.009999999776482582,8192.0,0,,
0.00018242736576006298,0.00018242736576006298,0.0018242736576006382,0.0018242736576006382,0.0018242736576006382,6599,,,,,,,,,,,,,,,,,
,,,,,6599,2.1382164050010033e-05,1.0684477274480741e-05,0.0012300789821892977,0.0008441680110991001,0.008888058364391327,0.0017804610542953014,0.9748440980911255,1032.2991943359375,10.0,1.0,0.10000000149011612,0.10000000149011612,0.009999999776482582,8192.0,0,,
0.0001802298947548492,0.0001802298947548492,0.0018022989475485003,0.0018022989475485003,0.0018022989475485003,6649,,,,,,,,,,,,,,,,,
,,,,,6649,1.912653897306882e-05,1.0171593203267548e-05,0.001192602445371449,0.0007872699061408639,0.00882254634052515,0.003387983189895749,0.9742004871368408,1047.705810546875,10.0,1.0,0.10000000149011612,0.10000000149011612,0.009999999776482582,8192.0,0,,
0.00017805889389460857,0.00017805889389460857,0.0017805889389460945,0.0017805889389460945,0.0017805889389460945,6699,,,,,,,,,,,,,,,,,
,,,,,6699,1.8647542674443685e-05,9.594306902727112e-06,0.001166288391686976,0.0008178548887372017,0.008834495209157467,0.0049531785771250725,0.9735057353973389,1047.879638671875,10.0,1.0,0.10000000149011612,0.10000000149011612,0.009999999776482582,8192.0,0,,
0.00017591404432709099,0.00017591404432709099,0.0017591404432709182,0.0017591404432709182,0.0017591404432709182,6749,,,,,,,,,,,,,,,,,
,,,,,6749,1.4908686353010125e-05,1.1774976883316413e-05,0.00108621665276587,0.0008531496278010309,0.008919071406126022,0.0030061553698033094,0.9746271371841431,1057.8350830078125,10.0,1.0,0.10000000149011612,0.10000000149011612,0.009999999776482582,8192.0,0,,
0.00017379503104085467,0.00017379503104085467,0.0017379503104085537,0.0017379503104085537,0.0017379503104085537,6799,,,,,,,,,,,,,,,,,
,,,,,6799,1.5826019080122933e-05,1.022751530399546e-05,0.001071297563612461,0.0008109953487291932,0.008781267330050468,0.0017677417490631342,0.9737856984138489,1056.5924072265625,10.0,1.0,0.10000000149011612,0.10000000149011612,0.009999999776482582,8192.0,0,,
0.0001717015428190009,0.0001717015428190009,0.0017170154281900157,0.0017170154281900157,0.0017170154281900157,6849,,,,,,,,,,,,,,,,,
,,,,,6849,2.066180059046019e-05,9.262212188332342e-06,0.0011247992515563965,0.0007773957913741469,0.008881599642336369,0.002763071795925498,0.974172055721283,1066.861083984375,10.0,1.0,0.10000000149011612,0.10000000149011612,0.009999999776482582,8192.0,0,,
0.0001696332721934661,0.0001696332721934661,0.0016963327219346681,0.0016963327219346681,0.0016963327219346681,6899,,,,,,,,,,,,,,,,,
,,,,,6899,1.9333729142090306e-05,9.605041668692138e-06,0.0011283064959570765,0.0008281586924567819,0.009047397412359715,0.002064394997432828,0.973852813243866,1064.127685546875,10.0,1.0,0.10000000149011612,0.10000000149011612,0.009999999776482582,8192.0,0,,
0.00016758991539986447,0.00016758991539986447,0.0016758991539986504,0.0016758991539986504,0.0016758991539986504,6949,,,,,,,,,,,,,,,,,
,,,,,6949,1.8280554286320694e-05,1.0093317541759461e-05,0.0010944516398012638,0.0008130804053507745,0.008878138847649097,0.0016620157985016704,0.9737096428871155,1066.12158203125,10.0,1.0,0.10000000149011612,0.10000000149011612,0.009999999776482582,8192.0,0,,
0.00016557117233287414,0.00016557117233287414,0.001655711723328747,0.001655711723328747,0.001655711723328747,6999,,,,,,,,,,,,,,,,,
,,,,,6999,1.7752185158315115e-05,1.1613912647590041e-05,0.0010793081019073725,0.0008043784182518721,0.008592888712882996,0.0016110771102830768,0.9732813239097595,1073.8369140625,10.0,1.0,0.10000000149011612,0.10000000149011612,0.009999999776482582,8192.0,0,,
0.00016357674650216146,0.00016357674650216146,0.0016357674650216204,0.0016357674650216204,0.0016357674650216204,7049,,,,,,,,,,,,,,,,,
,,,,,7049,1.8728676877799444e-05,1.1567058209038805e-05,0.0011289295507594943,0.0008661987958475947,0.008764617145061493,0.0016294907545670867,0.973896324634552,1069.0426025390625,10.0,1.0,0.10000000149011612,0.10000000149011612,0.009999999776482582,8192.0,0,,
0.00016160634498883536,0.00016160634498883536,0.00161606344988836,0.00161606344988836,0.00161606344988836,7099,,,,,,,,,,,,,,,,,
,,,,,7099,1.6813284673844464e-05,8.953367796493694e-06,0.0011303272331133485,0.0007891867426224053,0.008522998541593552,0.0025424340274184942,0.9740777611732483,1071.02392578125,10.0,1.0,0.10000000149011612,0.10000000149011612,0.009999999776482582,8192.0,0,,
0.00015965967840242734,0.00015965967840242734,0.00159659678402428,0.00159659678402428,0.00159659678402428,7149,,,,,,,,,,,,,,,,,
,,,,,7149,1.761538806022145e-05,8.92338630364975e-06,0.0011346901301294565,0.0007875101291574538,0.008655975572764874,0.003220715094357729,0.9744513034820557,1072.4609375,10.0,1.0,0.10000000149011612,0.10000000149011612,0.009999999776482582,8192.0,0,,
0.00015773646083838843,0.00015773646083838843,0.001577364608383892,0.001577364608383892,0.001577364608383892,7199,,,,,,,,,,,,,,,,,
,,,,,7199,2.3317870727623813e-05,9.875251635094173e-06,0.0011859885416924953,0.0008265593205578625,0.008731406182050705,0.0029858152847737074,0.974134087562561,1064.166748046875,10.0,1.0,0.10000000149011612,0.10000000149011612,0.009999999776482582,8192.0,0,,
0.0001558364098360991,0.0001558364098360991,0.0015583640983610001,0.0015583640983610001,0.0015583640983610001,7249,,,,,,,,,,,,,,,,,
,,,,,7249,2.649335510795936e-05,1.0563856449152809e-05,0.0013173938496038318,0.000841200293507427,0.008563830517232418,0.003515089862048626,0.9747003316879272,1073.185791015625,10.0,1.0,0.10000000149011612,0.10000000149011612,0.009999999776482582,8192.0,0,,
0.00015395924633738453,0.00015395924633738453,0.0015395924633738543,0.0015395924633738543,0.0015395924633738543,7299,,,,,,,,,,,,,,,,,
,,,,,7299,1.8246077161165886e-05,1.1017398719559424e-05,0.001194921787828207,0.0008595673134550452,0.00831015594303608,0.0017522594425827265,0.9738408327102661,1082.5709228515625,10.0,1.0,0.10000000149011612,0.10000000149011612,0.009999999776482582,8192.0,0,,
0.00015210469464552957,0.00015210469464552957,0.0015210469464553053,0.0015210469464553053,0.0015210469464553053,7349,,,,,,,,,,,,,,,,,
,,,,,7349,1.8757249563350342e-05,9.996554581448436e-06,0.0011615263065323234,0.0008064938010647893,0.008548484183847904,0.002081391168758273,0.974466860294342,1086.2095947265625,10.0,1.0,0.10000000149011612,0.10000000149011612,0.009999999776482582,8192.0,0,,
0.00015027248238478762,0.00015027248238478762,0.0015027248238478855,0.0015027248238478855,0.0015027248238478855,7399,,,,,,,,,,,,,,,,,
,,,,,7399,2.1454516172525473e-05,1.0355989616073202e-05,0.0011962272692471743,0.000747384037822485,0.00837800558656454,0.004821456968784332,0.9739060401916504,1087.3424072265625,10.0,1.0,0.10000000149011612,0.10000000149011612,0.009999999776482582,8192.0,0,,
0.0001484623404603771,0.0001484623404603771,0.0014846234046037795,0.0014846234046037795,0.0014846234046037795,7449,,,,,,,,,,,,,,,,,
,,,,,7449,1.9980034267064184e-05,9.051868801179808e-06,0.0012123531196266413,0.0007988382712937891,0.008530711755156517,0.0022900686599314213,0.9738016128540039,1087.5234375,10.0,1.0,0.10000000149011612,0.10000000149011612,0.009999999776482582,8192.0,0,,
0.00014667400301895974,0.00014667400301895974,0.0014667400301896058,0.0014667400301896058,0.0014667400301896058,7499,,,,,,,,,,,,,,,,,
,,,,,7499,1.7717240552883595e-05,1.2083901310688816e-05,0.001220487873069942,0.0008195433765649796,0.008513805456459522,0.0022158543579280376,0.9738414287567139,1095.7325439453125,10.0,1.0,0.10000000149011612,0.10000000149011612,0.009999999776482582,8192.0,0,,
0.0001449072074095952,0.0001449072074095952,0.0014490720740959603,0.0014490720740959603,0.0014490720740959603,7549,,,,,,,,,,,,,,,,,
,,,,,7549,2.1677964468835853e-05,1.0609948731143959e-05,0.0012032082304358482,0.0008183365571312606,0.008530843071639538,0.005541014950722456,0.9731736779212952,1099.789306640625,10.0,1.0,0.10000000149011612,0.10000000149011612,0.009999999776482582,8192.0,0,,
0.00014316169414516593,0.00014316169414516593,0.0014316169414516676,0.0014316169414516676,0.0014316169414516676,7599,,,,,,,,,,,,,,,,,
,,,,,7599,1.6501406207680702e-05,9.128561032412108e-06,0.0010696487734094262,0.0007924018427729607,0.008519493974745274,0.002772728679701686,0.9737569093704224,1094.34521484375,10.0,1.0,0.10000000149011612,0.10000000149011612,0.009999999776482582,8192.0,0,,
0.00014143720686426607,0.00014143720686426607,0.001414372068642669,0.001414372068642669,0.001414372068642669,7649,,,,,,,,,,,,,,,,,
,,,,,7649,1.9296143364044838e-05,8.509086001140531e-06,0.0011335989693179727,0.0007723731687292457,0.008329365402460098,0.0024188796523958445,0.9740059971809387,1089.8189697265625,10.0,1.0,0.10000000149011612,0.10000000149011612,0.009999999776482582,8192.0,0,,
0.00013973349229355064,0.00013973349229355064,0.0013973349229355152,0.0013973349229355152,0.0013973349229355152,7699,,,,,,,,,,,,,,,,,
,,,,,7699,1.9991337467217818e-05,9.215034879161976e-06,0.0012132837437093258,0.0007718389970250428,0.008629006333649158,0.00234783161431551,0.9735844135284424,1091.47216796875,10.0,1.0,0.10000000149011612,0.10000000149011612,0.009999999776482582,8192.0,0,,
0.00013805030021053712,0.00013805030021053712,0.0013805030021053798,0.0013805030021053798,0.0013805030021053798,7749,,,,,,,,,,,,,,,,,
,,,,,7749,1.823667116696015e-05,6.32187993687694e-06,0.0011325136292725801,0.0006470586522482336,0.008432501927018166,0.002216971479356289,0.9734393954277039,1103.4874267578125,10.0,1.0,0.10000000149011612,0.10000000149011612,0.009999999776482582,8192.0,0,,
0.0001363873834068559,0.0001363873834068559,0.001363873834068567,0.001363873834068567,0.001363873834068567,7799,,,,,,,,,,,,,,,,,
,,,,,7799,1.8110138626070693e-05,8.963149412011262e-06,0.0011038649827241898,0.000778869551140815,0.008258546702563763,0.0018026487668976188,0.9732906222343445,1114.805419921875,10.0,1.0,0.10000000149011612,0.10000000149011612,0.009999999776482582,8192.0,0,,
0.00013474449765194278,0.00013474449765194278,0.0013474449765194351,0.0013474449765194351,0.0013474449765194351,7849,,,,,,,,,,,,,,,,,
,,,,,7849,1.7194697647937573e-05,1.0146740351046901e-05,0.0011261811014264822,0.0007919181953184307,0.008347573690116405,0.0015661518555134535,0.9739479422569275,1123.5859375,10.0,1.0,0.10000000149011612,0.10000000149011612,0.009999999776482582,8192.0,0,,
0.00013312140165716924,0.00013312140165716924,0.0013312140165717002,0.0013312140165717002,0.0013312140165717002,7899,,,,,,,,,,,,,,,,,
,,,,,7899,1.4843618373561185e-05,1.0189092790824361e-05,0.0010892304126173258,0.0007519531063735485,0.008393701165914536,0.004628779832273722,0.9737274050712585,1126.767578125,10.0,1.0,0.10000000149011612,0.10000000149011612,0.009999999776482582,8192.0,0,,
0.00013151785704040476,0.00013151785704040476,0.0013151785704040573,0.0013151785704040573,0.0013151785704040573,7949,,,,,,,,,,,,,,,,,
,,,,,7949,1.812279697332997e-05,9.96465860225726e-06,0.001123601570725441,0.0008251525578089058,0.008448443375527859,0.0020601863507181406,0.973292887210846,1126.2974853515625,10.0,1.0,0.10000000149011612,0.10000000149011612,0.009999999776482582,8192.0,0,,
0.00012993362829100623,0.00012993362829100623,0.0012993362829100716,0.0012993362829100716,0.0012993362829100716,7999,,,,,,,,,,,,,,,,,
,,,,,7999,2.0289726307964884e-05,1.0439628567837644e-05,0.001181652070954442,0.0008053897181525826,0.008321793749928474,0.0019002826884388924,0.974158525466919,1118.6063232421875,10.0,1.0,0.10000000149011612,0.10000000149011612,0.009999999776482582,8192.0,0,,
,,,,,7999,,,,,,,,,,,,,,,0,10.513019561767578,
0.00012836848273522797,0.00012836848273522797,0.001283684827352288,0.001283684827352288,0.001283684827352288,8049,,,,,,,,,,,,,,,,,
,,,,,8049,1.6113226593006402e-05,8.879605047695804e-06,0.0010943958768621087,0.0007443696958944201,0.008349636569619179,0.0024420733097940683,0.974057674407959,1112.611083984375,10.0,1.0,0.10000000149011612,0.10000000149011612,0.009999999776482582,8192.0,0,,
0.00012682219050204978,0.00012682219050204978,0.0012682219050205057,0.0012682219050205057,0.0012682219050205057,8099,,,,,,,,,,,,,,,,,
,,,,,8099,1.8713717508944683e-05,7.918632945802528e-06,0.0011432579485699534,0.0007465637754648924,0.008512619882822037,0.002034304430708289,0.9738461971282959,1120.5228271484375,10.0,1.0,0.10000000149011612,0.10000000149011612,0.009999999776482582,8192.0,0,,
0.00012529452448941598,0.00012529452448941598,0.0012529452448941675,0.0012529452448941675,0.0012529452448941675,8149,,,,,,,,,,,,,,,,,
,,,,,8149,1.5035240721772425e-05,1.0595977983030025e-05,0.0011130491038784385,0.000768982048612088,0.008226596750319004,0.0019785738550126553,0.9738070964813232,1121.4373779296875,10.0,1.0,0.10000000149011612,0.10000000149011612,0.009999999776482582,8192.0,0,,
0.00012378526033088145,0.00012378526033088145,0.0012378526033088213,0.0012378526033088213,0.0012378526033088213,8199,,,,,,,,,,,,,,,,,
,,,,,8199,2.037862032011617e-05,9.23085190152051e-06,0.00117585901170969,0.0007655373774468899,0.00823852326720953,0.0027488747145980597,0.9739372730255127,1122.532958984375,10.0,1.0,0.10000000149011612,0.10000000149011612,0.009999999776482582,8192.0,0,,
0.00012229417636265872,0.00012229417636265872,0.0012229417636265923,0.0012229417636265923,0.0012229417636265923,8249,,,,,,,,,,,,,,,,,
,,,,,8249,1.5897365301498212e-05,8.231724677898455e-06,0.0010470491833984852,0.0007274796953424811,0.008163494057953358,0.003219079226255417,0.9733747839927673,1124.92822265625,10.0,1.0,0.10000000149011612,0.10000000149011612,0.009999999776482582,8192.0,0,,
0.00012082105359106258,0.00012082105359106258,0.0012082105359106303,0.0012082105359106303,0.0012082105359106303,8299,,,,,,,,,,,,,,,,,
,,,,,8299,1.6710235286154784e-05,9.21437003853498e-06,0.001069151097908616,0.0007647571619600058,0.008271496742963791,0.0018505442421883345,0.9740002751350403,1130.7244873046875,10.0,1.0,0.10000000149011612,0.10000000149011612,0.009999999776482582,8192.0,0,,
0.00011936567566034716,0.00011936567566034716,0.0011936567566034762,0.0011936567566034762,0.0011936567566034762,8349,,,,,,,,,,,,,,,,,
,,,,,8349,2.0455934645724483e-05,1.0970655239361804e-05,0.0010978586506098509,0.0007731138612143695,0.00820428878068924,0.0020594580564647913,0.9738427996635437,1131.7078857421875,10.0,1.0,0.10000000149011612,0.10000000149011612,0.009999999776482582,8192.0,0,,
0.00011792782882092968,0.00011792782882092968,0.0011792782882093014,0.0011792782882093014,0.0011792782882093014,8399,,,,,,,,,,,,,,,,,
,,,,,8399,1.307157344854204e-05,8.540348972019274e-06,0.000970717053860426,0.0007599105010740459,0.008241345174610615,0.0018466153414919972,0.973674476146698,1136.302490234375,10.0,1.0,0.10000000149011612,0.10000000149011612,0.009999999776482582,8192.0,0,,
0.00011650730189799723,0.00011650730189799723,0.0011650730189799773,0.0011650730189799773,0.0011650730189799773,8449,,,,,,,,,,,,,,,,,
,,,,,8449,2.0084562493138947e-05,8.930643161875196e-06,0.0010924855014309287,0.0007601164979860187,0.008128060959279537,0.0033599112648516893,0.9733903408050537,1139.135498046875,10.0,1.0,0.10000000149011612,0.10000000149011612,0.009999999776482582,8192.0,0,,
0.00011510388626049212,0.00011510388626049212,0.0011510388626049261,0.0011510388626049261,0.0011510388626049261,8499,,,,,,,,,,,,,,,,,
,,,,,8499,1.7452071915613487e-05,7.50341951061273e-06,0.0010928710689768195,0.0006983047933317721,0.008025594055652618,0.002136876108124852,0.9736877679824829,1140.4561767578125,10.0,1.0,0.10000000149011612,0.10000000149011612,0.009999999776482582,8192.0,0,,
0.00011371737579047013,0.00011371737579047013,0.0011371737579047067,0.0011371737579047067,0.0011371737579047067,8549,,,,,,,,,,,,,,,,,
,,,,,8549,1.6879492250154726e-05,7.843562343623489e-06,0.0010572640458121896,0.0007215963560156524,0.00819277111440897,0.0029892923776060343,0.9735220074653625,1144.2987060546875,10.0,1.0,0.10000000149011612,0.10000000149011612,0.009999999776482582,8192.0,0,,
0.00011234756685282847,0.00011234756685282847,0.00112347566852829,0.00112347566852829,0.00112347566852829,8599,,,,,,,,,,,,,,,,,
,,,,,8599,1.7620181097299792e-05,1.1509818250488024e-05,0.0010965223191305995,0.0007658486138097942,0.008176998235285282,0.0019235032377764583,0.9728739857673645,1144.864013671875,10.0,1.0,0.10000000149011612,0.10000000149011612,0.009999999776482582,8192.0,0,,
0.00011099425826539802,0.00011099425826539802,0.0011099425826539859,0.0011099425826539859,0.0011099425826539859,8649,,,,,,,,,,,,,,,,,
,,,,,8649,1.5819739928701892e-05,7.768819159537088e-06,0.0011007610009983182,0.0007500696228817105,0.008193912915885448,0.0017781694186851382,0.9722309112548828,1142.897216796875,10.0,1.0,0.10000000149011612,0.10000000149011612,0.009999999776482582,8192.0,0,,
0.00010965725126939602,0.00010965725126939602,0.0010965725126939657,0.0010965725126939657,0.0010965725126939657,8699,,,,,,,,,,,,,,,,,
,,,,,8699,1.746535963320639e-05,7.331773758778581e-06,0.001079002395272255,0.0007108167046681046,0.008182323537766933,0.0016032502753660083,0.9733185172080994,1143.8218994140625,10.0,1.0,0.10000000149011612,0.10000000149011612,0.009999999776482582,8192.0,0,,
0.00010833634950023453,0.00010833634950023453,0.001083363495002351,0.001083363495002351,0.001083363495002351,8749,,,,,,,,,,,,,,,,,
,,,,,8749,1.3942633813712746e-05,8.139654710248578e-06,0.0010290975915268064,0.0007052140426822007,0.008024402894079685,0.0018195603042840958,0.9737491607666016,1151.565673828125,10.0,1.0,0.10000000149011612,0.10000000149011612,0.009999999776482582,8192.0,0,,
0.00010703135895868066,0.00010703135895868066,0.0010703135895868121,0.0010703135895868121,0.0010703135895868121,8799,,,,,,,,,,,,,,,,,
,,,,,8799,1.4514775102725253e-05,8.452845577266999e-06,0.0010399328311905265,0.0007563749677501619,0.007993487641215324,0.0017347604734823108,0.9725133776664734,1148.172119140625,10.0,1.0,0.10000000149011612,0.10000000149011612,0.009999999776482582,8192.0,0,,
0.00010574208798236412,0.00010574208798236412,0.0010574208798236472,0.0010574208798236472,0.0010574208798236472,8849,,,,,,,,,,,,,,,,,
,,,,,8849,1.7580554413143545e-05,7.929143066576216e-06,0.0010808726074174047,0.0006926105124875903,0.00800456665456295,0.002234288491308689,0.9737862348556519,1146.2794189453125,10.0,1.0,0.10000000149011612,0.10000000149011612,0.009999999776482582,8192.0,0,,
0.00010446834721762797,0.00010446834721762797,0.0010446834721762862,0.0010446834721762862,0.0010446834721762862,8899,,,,,,,,,,,,,,,,,
,,,,,8899,1.546173371025361e-05,8.2202050180058e-06,0.0010650117183104157,0.0006966087967157364,0.008240493014454842,0.0019697293173521757,0.9727703332901001,1147.514892578125,10.0,1.0,0.10000000149011612,0.10000000149011612,0.009999999776482582,8192.0,0,,
0.0001032099495917187,0.0001032099495917187,0.0010320994959171941,0.0010320994959171941,0.0010320994959171941,8949,,,,,,,,,,,,,,,,,
,,,,,8949,1.6411520846304484e-05,1.1493008969409857e-05,0.001068383571691811,0.0007901455392129719,0.007909711450338364,0.0020080767571926117,0.9737738966941833,1153.50732421875,10.0,1.0,0.10000000149011612,0.10000000149011612,0.009999999776482582,8192.0,0,,
0.00010196671028531069,0.00010196671028531069,0.0010196671028531148,0.0010196671028531148,0.0010196671028531148,8999,,,,,,,,,,,,,,,,,
,,,,,8999,1.4469277630269062e-05,9.635299647925422e-06,0.0009931727545335889,0.0007454651640728116,0.008178064599633217,0.0015738146612420678,0.9739900231361389,1154.0960693359375,10.0,1.0,0.10000000149011612,0.10000000149011612,0.009999999776482582,8192.0,0,,
0.00010073844670536231,0.00010073844670536231,0.00100738446705363,0.00100738446705363,0.00100738446705363,9049,,,,,,,,,,,,,,,,,
,,,,,9049,1.9127957784803584e-05,8.272126251540612e-06,0.0011386759579181671,0.0007238404359668493,0.008043196983635426,0.0018058625282719731,0.9733530282974243,1164.22412109375,10.0,1.0,0.10000000149011612,0.10000000149011612,0.009999999776482582,8192.0,0,,
9.952497845829865e-05,9.952497845829865e-05,0.0009952497845829931,0.0009952497845829931,0.0009952497845829931,9099,,,,,,,,,,,,,,,,,
,,,,,9099,1.6547637642361224e-05,7.328880201384891e-06,0.0010900613851845264,0.000668731692712754,0.00786539539694786,0.0019396018469706178,0.9734634160995483,1161.2783203125,10.0,1.0,0.10000000149011612,0.10000000149011612,0.009999999776482582,8192.0,0,,
9.832612732351723e-05,9.832612732351723e-05,0.0009832612732351789,0.0009832612732351789,0.0009832612732351789,9149,,,,,,,,,,,,,,,,,
,,,,,9149,1.3457774002745282e-05,9.965568096959032e-06,0.0010063382796943188,0.000749344821088016,0.007862941361963749,0.0017404152313247323,0.9737103581428528,1168.8074951171875,10.0,1.0,0.10000000149011612,0.10000000149011612,0.009999999776482582,8192.0,0,,
9.714171722721306e-05,9.714171722721306e-05,0.0009714171722721368,0.0009714171722721368,0.0009714171722721368,9199,,,,,,,,,,,,,,,,,
,,,,,9199,1.8503042156226e-05,8.569150850235019e-06,0.0011180281871929765,0.000714915688149631,0.008004055358469486,0.0034929635003209114,0.9730054140090942,1165.9569091796875,10.0,1.0,0.10000000149011612,0.10000000149011612,0.009999999776482582,8192.0,0,,
9.597157421651889e-05,9.597157421651889e-05,0.0009597157421651955,0.0009597157421651955,0.0009597157421651955,9249,,,,,,,,,,,,,,,,,
,,,,,9249,1.6352256352547556e-05,6.953442152735079e-06,0.0010499408235773444,0.0006712725153192878,0.008009545505046844,0.0022187596186995506,0.9730299115180969,1167.2730712890625,10.0,1.0,0.10000000149011612,0.10000000149011612,0.009999999776482582,8192.0,0,,
9.481552643395703e-05,9.481552643395703e-05,0.0009481552643395763,0.0009481552643395763,0.0009481552643395763,9299,,,,,,,,,,,,,,,,,
,,,,,9299,1.7860082152765244e-05,7.64831838750979e-06,0.0011359709315001965,0.0007236014353111386,0.007841677404940128,0.0025132400915026665,0.9728040099143982,1167.5169677734375,10.0,1.0,0.10000000149011612,0.10000000149011612,0.009999999776482582,8192.0,0,,
9.367340409219862e-05,9.367340409219862e-05,0.0009367340409219922,0.0009367340409219922,0.0009367340409219922,9349,,,,,,,,,,,,,,,,,
,,,,,9349,1.6438356396974996e-05,7.628196271980414e-06,0.001113784033805132,0.0007040390628390014,0.008001762442290783,0.002451416105031967,0.9736343026161194,1178.0335693359375,10.0,1.0,0.10000000149011612,0.10000000149011612,0.009999999776482582,8192.0,0,,
9.254503944912734e-05,9.254503944912734e-05,0.0009254503944912798,0.0009254503944912798,0.0009254503944912798,9399,,,,,,,,,,,,,,,,,
,,,,,9399,1.549031730974093e-05,9.294343726651277e-06,0.0010203334968537092,0.0007564290426671505,0.00804644264280796,0.0032854543533176184,0.9725909233093262,1173.4263916015625,10.0,1.0,0.10000000149011612,0.10000000149011612,0.009999999776482582,8192.0,0,,
9.143026678320348e-05,9.143026678320348e-05,0.0009143026678320404,0.0009143026678320404,0.0009143026678320404,9449,,,,,,,,,,,,,,,,,
,,,,,9449,1.40731153805973e-05,7.018954875093186e-06,0.0010231927735731006,0.0006616702303290367,0.008139350451529026,0.0016895162407308817,0.9735991954803467,1174.6019287109375,10.0,1.0,0.10000000149011612,0.10000000149011612,0.009999999776482582,8192.0,0,,
9.032892236912416e-05,9.032892236912416e-05,0.000903289223691247,0.000903289223691247,0.000903289223691247,9499,,,,,,,,,,,,,,,,,
,,,,,9499,1.5683805031585507e-05,8.402749699598644e-06,0.0011086954036727548,0.0008040874963626266,0.007940705865621567,0.0015786790754646063,0.9734430909156799,1174.4132080078125,10.0,1.0,0.10000000149011612,0.10000000149011612,0.009999999776482582,8192.0,0,,
8.924084445377772e-05,8.924084445377772e-05,0.0008924084445377825,0.0008924084445377825,0.0008924084445377825,9549,,,,,,,,,,,,,,,,,
,,,,,9549,1.9231458281865343e-05,8.235257155320141e-06,0.0011885925196111202,0.0007301569567061961,0.007927902974188328,0.003241554833948612,0.9732286930084229,1183.243896484375,10.0,1.0,0.10000000149011612,0.10000000149011612,0.009999999776482582,8192.0,0,,
8.816587323248684e-05,8.816587323248684e-05,0.0008816587323248739,0.0008816587323248739,0.0008816587323248739,9599,,,,,,,,,,,,,,,,,
,,,,,9599,1.5489633369725198e-05,1.1253675438638311e-05,0.0010489702690392733,0.0007351095555350184,0.007996886968612671,0.001495544333010912,0.9729037284851074,1175.9312744140625,10.0,1.0,0.10000000149011612,0.10000000149011612,0.009999999776482582,8192.0,0,,
8.710385082553853e-05,8.710385082553853e-05,0.0008710385082553906,0.0008710385082553906,0.0008710385082553906,9649,,,,,,,,,,,,,,,,,
,,,,,9649,1.4862332136544865e-05,7.576421012345236e-06,0.0010365188354626298,0.0007179670501500368,0.00774404127150774,0.0014534087385982275,0.9730830192565918,1184.69873046875,10.0,1.0,0.10000000149011612,0.10000000149011612,0.009999999776482582,8192.0,0,,
8.605462125499626e-05,8.605462125499626e-05,0.000860546212549968,0.000860546212549968,0.000860546212549968,9699,,,,,,,,,,,,,,,,,
,,,,,9699,1.7063121049432084e-05,8.037911356950644e-06,0.0010140207596123219,0.0007173562771640718,0.008008655160665512,0.0019029286922886968,0.9735981822013855,1181.2860107421875,10.0,1.0,0.10000000149011612,0.10000000149011612,0.009999999776482582,8192.0,0,,
8.501803042179183e-05,8.501803042179183e-05,0.0008501803042179239,0.0008501803042179239,0.0008501803042179239,9749,,,,,,,,,,,,,,,,,
,,,,,9749,1.7500626199762337e-05,7.921969881863333e-06,0.0011158293345943093,0.0006834829109720886,0.007904812693595886,0.0015885246684774756,0.9732140898704529,1183.131591796875,10.0,1.0,0.10000000149011612,0.10000000149011612,0.009999999776482582,8192.0,0,,
8.399392608309303e-05,8.399392608309303e-05,0.000839939260830936,0.000839939260830936,0.000839939260830936,9799,,,,,,,,,,,,,,,,,
,,,,,9799,1.5981573596945964e-05,8.623881512903608e-06,0.0010978028876706958,0.0007557788048870862,0.00775182293727994,0.0019674741197377443,0.9731180667877197,1188.152587890625,10.0,1.0,0.10000000149011612,0.10000000149011612,0.009999999776482582,8192.0,0,,
8.298215782994375e-05,8.298215782994375e-05,0.0008298215782994443,0.0008298215782994443,0.0008298215782994443,9849,,,,,,,,,,,,,,,,,
,,,,,9849,1.3089924323139712e-05,7.417393135256134e-06,0.0009567680535838008,0.0006825800519436598,0.007718940265476704,0.0028049147222191095,0.9736856818199158,1189.781982421875,10.0,1.0,0.10000000149011612,0.10000000149011612,0.009999999776482582,8192.0,0,,
8.1982577065174e-05,8.1982577065174e-05,0.0008198257706517465,0.0008198257706517465,0.0008198257706517465,9899,,,,,,,,,,,,,,,,,
,,,,,9899,1.565505772305187e-05,7.093844942573924e-06,0.001060699811205268,0.0006400409038178623,0.007910778746008873,0.004138084128499031,0.9728966355323792,1191.9591064453125,10.0,1.0,0.10000000149011612,0.10000000149011612,0.009999999776482582,8192.0,0,,
8.099503698157504e-05,8.099503698157504e-05,0.0008099503698157568,0.0008099503698157568,0.0008099503698157568,9949,,,,,,,,,,,,,,,,,
,,,,,9949,1.552958565298468e-05,8.302179594465997e-06,0.0010079116327688098,0.0007111220620572567,0.00774814048781991,0.004175559617578983,0.9725641012191772,1194.61572265625,10.0,1.0,0.10000000149011612,0.10000000149011612,0.009999999776482582,8192.0,0,,
8.00193925403385e-05,8.00193925403385e-05,0.0008001939254033909,0.0008001939254033909,0.0008001939254033909,9999,,,,,,,,,,,,,,,,,
,,,,,9999,1.751393028825987e-05,9.67229061643593e-06,0.0010956156766042113,0.0007422211929224432,0.00773023022338748,0.0019056025194004178,0.9721705317497253,1197.9173583984375,10.0,1.0,0.10000000149011612,0.10000000149011612,0.009999999776482582,8192.0,0,,
,,,,,9999,,,,,,,,,,,,,,,0,10.511727333068848,
,,,,,10000,,,,,,,,,,,,,,,1,,10.511727333068848
